<?xml version="1.0" encoding="UTF-8"?>
<LaboratoryFrames>
	<FrameIndex Scheme="1" FrameID="1">
		<LaboratoryFrame Name="Комплексные числа" TimeLimit="30" TimeScale="Minute" ShowTime="Yes" Language="ru">
			<ToolIndex Scheme="1" ToolID="1"/>
			<Data contentType="xhtml">Время попробовать себя в операциях над комплексными числами!</Data>
			<LaboratoryTestsGroups LaboratoryTestsGroupsID="1" LimitOnCollection="1800" LimitOnTest="1800" TimeScale="Second" URL="rlcp://user:user@127.0.0.1:3000" Weight="1" >
				<LaboratoryTestsGroup LaboratoryTestsGroupID="1" Number="1" LimitOnTest="1800" TimeScale="Second" Weight="1" >
					<LaboratoryTest TestID="1" LimitOnTest="1800" TimeScale="Second" Weight="1" >
						<LaboratoryTestInput>
							<!-- some -->
						</LaboratoryTestInput>						
						<LaboratoryTestOutput>
							<!-- some -->
						</LaboratoryTestOutput>
					</LaboratoryTest>
				</LaboratoryTestsGroup>
			</LaboratoryTestsGroups>
			<Generator>
				<ByDefault>
					<Text>
						<!-- Запустите сервер. -->
					</Text>
					<Code>
						<!-- Запустите сервер. -->
					</Code>
					<Instructions>
						<!-- Запустите сервер. -->
					</Instructions>
				</ByDefault>
				<Algorithm>
     					<!-- Запустите сервер. -->
				</Algorithm>
			</Generator>
		</LaboratoryFrame>
	</FrameIndex>
</LaboratoryFrames>
